{"stats":{"minecraft:mined":{"minecraft:jungle_leaves":3,"minecraft:crafting_table":1,"gravestone:gravestone":1,"minecraft:grass":9,"minecraft:grass_block":4,"minecraft:oak_log":10,"minecraft:melon":3,"minecraft:dirt":7,"minecraft:stone":23,"minecraft:oak_planks":11,"minecraft:oak_leaves":1,"minecraft:fern":1},"minecraft:killed":{"minecraft:zombie":6},"minecraft:used":{"minecraft:stone_sword":21,"minecraft:melon_slice":9,"minecraft:oak_planks":14,"minecraft:wooden_pickaxe":25,"minecraft:stone_axe":13,"minecraft:dirt":8,"minecraft:crafting_table":1},"minecraft:picked_up":{"minecraft:crafting_table":1,"minecraft:oak_log":10,"minecraft:dirt":11,"minecraft:rotten_flesh":6,"minecraft:wheat_seeds":3,"minecraft:oak_sapling":1,"minecraft:melon_slice":13,"minecraft:oak_planks":11,"minecraft:cobblestone":23},"minecraft:custom":{"minecraft:time_since_rest":1153,"minecraft:sprint_one_cm":37129,"minecraft:damage_taken":585,"minecraft:walk_one_cm":25443,"minecraft:mob_kills":6,"minecraft:drop":6,"minecraft:damage_dealt":1261,"minecraft:swim_one_cm":7431,"minecraft:interact_with_crafting_table":2,"minecraft:fly_one_cm":55206,"minecraft:crouch_one_cm":6907,"minecraft:play_time":66701,"minecraft:deaths":2,"minecraft:sneak_time":3583,"minecraft:walk_under_water_one_cm":755,"minecraft:jump":263,"minecraft:leave_game":4,"minecraft:walk_on_water_one_cm":14,"minecraft:time_since_death":0,"minecraft:climb_one_cm":516,"minecraft:total_world_time":66701,"minecraft:fall_one_cm":6204},"minecraft:crafted":{"minecraft:oak_planks":40,"minecraft:crafting_table":1,"minecraft:stick":8,"minecraft:wooden_pickaxe":1,"minecraft:stone_pickaxe":1,"minecraft:stone_sword":1,"minecraft:furnace":1,"minecraft:stone_axe":1},"minecraft:killed_by":{"minecraft:zombie":1},"minecraft:dropped":{"minecraft:wheat_seeds":2,"minecraft:oak_sapling":1,"minecraft:rotten_flesh":2,"gravestone:obituary":1}},"DataVersion":3465}