{"stats":{"minecraft:custom":{"minecraft:time_since_rest":105,"minecraft:interact_with_furnace":5,"minecraft:sprint_one_cm":60048,"minecraft:damage_taken":1045,"minecraft:walk_one_cm":50173,"minecraft:mob_kills":9,"minecraft:drop":3,"minecraft:damage_dealt":1101,"minecraft:swim_one_cm":2582,"minecraft:interact_with_crafting_table":10,"minecraft:fly_one_cm":122294,"minecraft:crouch_one_cm":11267,"minecraft:play_time":39773,"minecraft:deaths":3,"minecraft:sneak_time":4548,"minecraft:walk_under_water_one_cm":596,"minecraft:jump":544,"minecraft:leave_game":3,"minecraft:time_since_death":21386,"minecraft:walk_on_water_one_cm":1300,"minecraft:sleep_in_bed":1,"minecraft:total_world_time":39773,"minecraft:fall_one_cm":10380},"minecraft:killed":{"minecraft:sheep":7,"minecraft:spider":1,"minecraft:cow":1},"minecraft:used":{"minecraft:cooked_mutton":5,"minecraft:stone_sword":9,"minecraft:stone_pickaxe":3,"minecraft:wooden_pickaxe":105,"minecraft:stone_axe":43,"minecraft:dirt":22,"minecraft:cobblestone":26,"minecraft:crafting_table":3,"minecraft:furnace":1,"comforts:sleeping_bag_white":2},"minecraft:crafted":{"minecraft:oak_planks":24,"minecraft:crafting_table":1,"minecraft:stick":12,"comforts:sleeping_bag_white":1,"minecraft:wooden_pickaxe":2,"minecraft:stone_pickaxe":2,"minecraft:stone_sword":1,"minecraft:furnace":1,"minecraft:stone_axe":1,"minecraft:cooked_mutton":11,"minecraft:air":0},"minecraft:killed_by":{"man:managgresive":1,"minecraft:skeleton":2},"minecraft:broken":{"minecraft:wooden_pickaxe":1},"minecraft:dropped":{"minecraft:cooked_mutton":3},"minecraft:mined":{"comforts:sleeping_bag_white":1,"minecraft:furnace":1,"treechop:chopped_log":3,"minecraft:crafting_table":3,"minecraft:grass":13,"minecraft:grass_block":6,"minecraft:oak_log":11,"minecraft:dirt":20,"minecraft:tall_grass":3,"minecraft:cobblestone":14,"minecraft:stone":82,"minecraft:oak_leaves":2},"minecraft:picked_up":{"minecraft:stick":17,"minecraft:crafting_table":3,"minecraft:leather":1,"minecraft:wooden_pickaxe":1,"minecraft:oak_log":36,"minecraft:dirt":31,"minecraft:stone_sword":1,"minecraft:cooked_mutton":9,"minecraft:apple":4,"minecraft:stone_axe":1,"minecraft:wheat_seeds":3,"comforts:sleeping_bag_white":2,"minecraft:beef":3,"minecraft:oak_sapling":18,"minecraft:mutton":11,"minecraft:oak_planks":5,"minecraft:egg":1,"minecraft:white_wool":14,"minecraft:cobblestone":99,"minecraft:furnace":1}},"DataVersion":3120}