{"stats":{"minecraft:custom":{"minecraft:time_since_rest":1529,"minecraft:sprint_one_cm":25881,"minecraft:damage_taken":90,"minecraft:walk_one_cm":17320,"minecraft:mob_kills":4,"minecraft:drop":1,"minecraft:damage_dealt":330,"minecraft:swim_one_cm":5348,"minecraft:interact_with_crafting_table":4,"minecraft:fly_one_cm":46682,"minecraft:crouch_one_cm":1956,"minecraft:play_time":11490,"minecraft:sneak_time":1661,"minecraft:walk_under_water_one_cm":902,"minecraft:jump":208,"minecraft:walk_on_water_one_cm":1029,"minecraft:leave_game":1,"minecraft:time_since_death":11490,"minecraft:sleep_in_bed":1,"minecraft:total_world_time":11490,"minecraft:fall_one_cm":7634},"minecraft:picked_up":{"minecraft:stick":15,"minecraft:crafting_table":3,"minecraft:oak_log":30,"minecraft:white_bed":1,"minecraft:dirt":1,"minecraft:apple":3,"minecraft:oak_sapling":19,"minecraft:mutton":8,"minecraft:oak_planks":52,"minecraft:white_wool":4,"minecraft:cobblestone":29},"minecraft:dropped":{"minecraft:oak_planks":52},"minecraft:used":{"minecraft:apple":3,"minecraft:stone_sword":8,"minecraft:wooden_pickaxe":31,"minecraft:stone_axe":2,"minecraft:crafting_table":3,"minecraft:oak_sapling":9,"minecraft:white_bed":1},"minecraft:crafted":{"minecraft:oak_planks":120,"minecraft:crafting_table":1,"minecraft:wooden_pickaxe":1,"minecraft:stone_pickaxe":1,"minecraft:stone_sword":1,"minecraft:white_bed":1,"minecraft:stone_axe":1},"minecraft:mined":{"minecraft:white_bed":1,"treechop:chopped_log":5,"minecraft:crafting_table":3,"minecraft:grass":1,"minecraft:oak_log":5,"minecraft:grass_block":1,"minecraft:stone":29,"minecraft:oak_leaves":4},"minecraft:killed":{"minecraft:sheep":4}},"DataVersion":3120}