{"stats":{"minecraft:broken":{"minecraft:wooden_pickaxe":1},"minecraft:custom":{"minecraft:time_since_rest":93440,"minecraft:sprint_one_cm":9251,"minecraft:damage_taken":220,"minecraft:walk_one_cm":59303,"minecraft:damage_dealt":58,"minecraft:interact_with_crafting_table":3,"minecraft:fly_one_cm":6229,"minecraft:crouch_one_cm":18160,"minecraft:play_time":93440,"minecraft:sneak_time":12250,"minecraft:jump":146,"minecraft:leave_game":5,"minecraft:time_since_death":93440,"minecraft:total_world_time":93440,"minecraft:fall_one_cm":1016},"minecraft:mined":{"minecraft:dark_oak_log":7,"minecraft:crafting_table":3,"minecraft:coal_ore":9,"minecraft:grass_block":2,"minecraft:dirt":5,"minecraft:cobblestone":31,"minecraft:spruce_leaves":1,"minecraft:stone":89,"minecraft:wall_torch":3},"minecraft:used":{"minecraft:stone_pickaxe":80,"minecraft:wooden_pickaxe":59,"minecraft:stone_axe":3,"minecraft:torch":6,"minecraft:dirt":6,"minecraft:cobblestone":61,"minecraft:crafting_table":3,"minecraft:furnace":1},"minecraft:crafted":{"minecraft:dark_oak_boat":1,"minecraft:crafting_table":1,"minecraft:stick":12,"minecraft:wooden_pickaxe":1,"minecraft:stone_pickaxe":1,"minecraft:stone_sword":2,"minecraft:furnace":1,"minecraft:dark_oak_planks":28,"minecraft:torch":4,"minecraft:stone_axe":1},"minecraft:picked_up":{"minecraft:crafting_table":3,"minecraft:torch":4,"minecraft:dark_oak_log":7,"minecraft:dirt":6,"minecraft:coal":9,"minecraft:cobblestone":116}},"DataVersion":3120}