{"stats":{"minecraft:broken":{"minecraft:wooden_pickaxe":1},"minecraft:custom":{"minecraft:time_since_rest":5867,"minecraft:sprint_one_cm":9251,"minecraft:damage_taken":460,"minecraft:walk_one_cm":59439,"minecraft:damage_dealt":58,"minecraft:interact_with_crafting_table":3,"minecraft:fly_one_cm":58857,"minecraft:crouch_one_cm":18674,"minecraft:play_time":101919,"minecraft:deaths":1,"minecraft:sneak_time":13307,"minecraft:walk_under_water_one_cm":130,"minecraft:jump":146,"minecraft:walk_on_water_one_cm":106,"minecraft:leave_game":6,"minecraft:time_since_death":5744,"minecraft:total_world_time":101919,"minecraft:fall_one_cm":1351},"minecraft:killed_by":{"sanitydim:sneaking_terror":1},"minecraft:picked_up":{"minecraft:crafting_table":3,"minecraft:torch":4,"minecraft:dark_oak_log":7,"minecraft:dirt":6,"minecraft:coal":9,"minecraft:cobblestone":117},"minecraft:used":{"minecraft:stone_pickaxe":82,"minecraft:wooden_pickaxe":59,"minecraft:stone_axe":3,"minecraft:torch":6,"minecraft:dirt":6,"minecraft:cobblestone":62,"minecraft:crafting_table":3,"minecraft:furnace":1},"minecraft:mined":{"minecraft:dark_oak_log":7,"minecraft:crafting_table":3,"minecraft:coal_ore":9,"minecraft:grass_block":2,"minecraft:dirt":5,"minecraft:cobblestone":32,"minecraft:spruce_leaves":2,"minecraft:stone":89,"minecraft:wall_torch":3},"minecraft:crafted":{"minecraft:dark_oak_boat":1,"minecraft:crafting_table":1,"minecraft:stick":12,"minecraft:wooden_pickaxe":1,"minecraft:stone_pickaxe":1,"minecraft:stone_sword":2,"minecraft:furnace":1,"minecraft:dark_oak_planks":28,"minecraft:torch":4,"minecraft:stone_axe":1}},"DataVersion":3120}