{"stats":{"minecraft:custom":{"minecraft:time_since_rest":726,"minecraft:interact_with_furnace":11,"minecraft:sprint_one_cm":64395,"minecraft:damage_taken":490,"minecraft:walk_one_cm":24446,"minecraft:mob_kills":17,"minecraft:drop":1,"minecraft:damage_dealt":6110,"minecraft:swim_one_cm":6575,"minecraft:interact_with_crafting_table":5,"minecraft:fly_one_cm":111739,"minecraft:crouch_one_cm":7194,"minecraft:play_time":27891,"minecraft:deaths":1,"minecraft:sneak_time":8109,"minecraft:walk_under_water_one_cm":1572,"minecraft:jump":598,"minecraft:walk_on_water_one_cm":1914,"minecraft:leave_game":2,"minecraft:time_since_death":637,"minecraft:sleep_in_bed":1,"minecraft:total_world_time":27891,"minecraft:fall_one_cm":15091},"minecraft:picked_up":{"minecraft:stick":15,"minecraft:crafting_table":4,"minecraft:feather":1,"minecraft:chicken":1,"minecraft:leather":4,"minecraft:dandelion":1,"minecraft:porkchop":15,"minecraft:oak_log":30,"minecraft:white_bed":1,"minecraft:dirt":3,"minecraft:apple":3,"minecraft:wheat_seeds":1,"minecraft:beef":6,"minecraft:oak_sapling":19,"minecraft:mutton":11,"minecraft:oak_planks":102,"minecraft:furnace":1,"minecraft:white_wool":6,"minecraft:cobblestone":29,"minecraft:egg":1},"minecraft:dropped":{"minecraft:oak_planks":52},"minecraft:killed_by":{"man:managgresive":1},"minecraft:used":{"minecraft:cooked_mutton":4,"minecraft:apple":3,"minecraft:stone_sword":115,"minecraft:stone_pickaxe":1,"minecraft:oak_planks":44,"minecraft:wooden_pickaxe":31,"minecraft:stone_axe":30,"minecraft:dirt":3,"minecraft:crafting_table":4,"minecraft:furnace":2,"minecraft:oak_sapling":9,"minecraft:white_bed":2,"minecraft:egg":1},"minecraft:mined":{"minecraft:white_bed":1,"minecraft:furnace":1,"minecraft:dandelion":1,"treechop:chopped_log":5,"minecraft:crafting_table":4,"minecraft:grass":7,"minecraft:oak_log":5,"minecraft:grass_block":2,"minecraft:dirt":1,"minecraft:tall_grass":5,"minecraft:stone":29,"minecraft:oak_planks":13,"minecraft:oak_leaves":4},"minecraft:killed":{"minecraft:sheep":6,"minecraft:pig":6,"minecraft:chicken":1,"minecraft:cow":4},"minecraft:crafted":{"minecraft:cooked_beef":6,"minecraft:oak_planks":120,"minecraft:cooked_porkchop":15,"minecraft:crafting_table":1,"minecraft:wooden_pickaxe":1,"minecraft:stone_pickaxe":1,"minecraft:stone_sword":1,"minecraft:furnace":1,"minecraft:white_bed":1,"minecraft:stone_axe":1,"minecraft:air":0,"minecraft:cooked_mutton":11}},"DataVersion":3120}