{"stats":{"minecraft:dropped":{"minecraft:wheat_seeds":2,"minecraft:oak_sapling":1,"minecraft:rotten_flesh":2,"gravestone:obituary":1},"minecraft:crafted":{"minecraft:oak_planks":40,"minecraft:crafting_table":1,"minecraft:stick":8,"minecraft:wooden_pickaxe":1},"minecraft:used":{"minecraft:melon_slice":3,"minecraft:oak_planks":2,"minecraft:wooden_pickaxe":25,"minecraft:dirt":6,"minecraft:crafting_table":1},"minecraft:picked_up":{"minecraft:oak_log":10,"minecraft:dirt":6,"minecraft:rotten_flesh":2,"minecraft:wheat_seeds":3,"minecraft:oak_sapling":1,"minecraft:melon_slice":13,"minecraft:cobblestone":23},"minecraft:custom":{"minecraft:time_since_rest":46168,"minecraft:sprint_one_cm":27698,"minecraft:damage_taken":300,"minecraft:walk_one_cm":15654,"minecraft:mob_kills":1,"minecraft:drop":6,"minecraft:damage_dealt":280,"minecraft:interact_with_crafting_table":1,"minecraft:fly_one_cm":38496,"minecraft:crouch_one_cm":5068,"minecraft:play_time":50178,"minecraft:deaths":1,"minecraft:sneak_time":2557,"minecraft:jump":171,"minecraft:leave_game":1,"minecraft:time_since_death":46141,"minecraft:total_world_time":50178,"minecraft:climb_one_cm":338,"minecraft:fall_one_cm":3994},"minecraft:mined":{"minecraft:jungle_leaves":3,"gravestone:gravestone":1,"minecraft:grass":8,"minecraft:grass_block":3,"minecraft:oak_log":10,"minecraft:melon":3,"minecraft:dirt":3,"minecraft:stone":23,"minecraft:oak_leaves":1,"minecraft:fern":1},"minecraft:killed":{"minecraft:zombie":1},"minecraft:killed_by":{"minecraft:zombie":1}},"DataVersion":3465}