{"stats":{"minecraft:picked_up":{"minecraft:cooked_mutton":3,"minecraft:dirt":11},"minecraft:used":{"minecraft:cooked_mutton":1,"minecraft:dirt":10},"minecraft:mined":{"minecraft:grass":2,"minecraft:grass_block":3,"minecraft:dirt":8},"minecraft:custom":{"minecraft:time_since_rest":708,"minecraft:play_time":5709,"minecraft:crouch_one_cm":131,"minecraft:sprint_one_cm":5036,"minecraft:deaths":1,"minecraft:damage_taken":300,"minecraft:walk_one_cm":9374,"minecraft:sneak_time":112,"minecraft:walk_under_water_one_cm":6446,"minecraft:jump":50,"minecraft:damage_dealt":30,"minecraft:leave_game":1,"minecraft:time_since_death":0,"minecraft:walk_on_water_one_cm":1013,"minecraft:total_world_time":5709,"minecraft:swim_one_cm":2635,"minecraft:fall_one_cm":1031,"minecraft:fly_one_cm":6394}},"DataVersion":3120}